,magnification,folder,brightfield,C1,C2,C3
0,20x,/mnt/hdd2/datasets/astra_data_readonly/astra_data_readonly/20x_images,AssayPlate_Greiner_#655090_B04_T0001F001L01A04Z01C04.tif,AssayPlate_Greiner_#655090_B04_T0001F001L01A01Z01C01.tif,AssayPlate_Greiner_#655090_B04_T0001F001L01A02Z01C02.tif,AssayPlate_Greiner_#655090_B04_T0001F001L01A03Z01C03.tif
1,20x,/mnt/hdd2/datasets/astra_data_readonly/astra_data_readonly/20x_images,AssayPlate_Greiner_#655090_B04_T0001F002L01A04Z01C04.tif,AssayPlate_Greiner_#655090_B04_T0001F002L01A01Z01C01.tif,AssayPlate_Greiner_#655090_B04_T0001F002L01A02Z01C02.tif,AssayPlate_Greiner_#655090_B04_T0001F002L01A03Z01C03.tif
2,20x,/mnt/hdd2/datasets/astra_data_readonly/astra_data_readonly/20x_images,AssayPlate_Greiner_#655090_B04_T0001F003L01A04Z01C04.tif,AssayPlate_Greiner_#655090_B04_T0001F003L01A01Z01C01.tif,AssayPlate_Greiner_#655090_B04_T0001F003L01A02Z01C02.tif,AssayPlate_Greiner_#655090_B04_T0001F003L01A03Z01C03.tif
3,20x,/mnt/hdd2/datasets/astra_data_readonly/astra_data_readonly/20x_images,AssayPlate_Greiner_#655090_B04_T0001F004L01A04Z01C04.tif,AssayPlate_Greiner_#655090_B04_T0001F004L01A01Z01C01.tif,AssayPlate_Greiner_#655090_B04_T0001F004L01A02Z01C02.tif,AssayPlate_Greiner_#655090_B04_T0001F004L01A03Z01C03.tif
4,20x,/mnt/hdd2/datasets/astra_data_readonly/astra_data_readonly/20x_images,AssayPlate_Greiner_#655090_B04_T0001F005L01A04Z01C04.tif,AssayPlate_Greiner_#655090_B04_T0001F005L01A01Z01C01.tif,AssayPlate_Greiner_#655090_B04_T0001F005L01A02Z01C02.tif,AssayPlate_Greiner_#655090_B04_T0001F005L01A03Z01C03.tif
5,20x,/mnt/hdd2/datasets/astra_data_readonly/astra_data_readonly/20x_images,AssayPlate_Greiner_#655090_B04_T0001F006L01A04Z01C04.tif,AssayPlate_Greiner_#655090_B04_T0001F006L01A01Z01C01.tif,AssayPlate_Greiner_#655090_B04_T0001F006L01A02Z01C02.tif,AssayPlate_Greiner_#655090_B04_T0001F006L01A03Z01C03.tif
6,20x,/mnt/hdd2/datasets/astra_data_readonly/astra_data_readonly/20x_images,AssayPlate_Greiner_#655090_C02_T0001F001L01A04Z01C04.tif,AssayPlate_Greiner_#655090_C02_T0001F001L01A01Z01C01.tif,AssayPlate_Greiner_#655090_C02_T0001F001L01A02Z01C02.tif,AssayPlate_Greiner_#655090_C02_T0001F001L01A03Z01C03.tif
7,20x,/mnt/hdd2/datasets/astra_data_readonly/astra_data_readonly/20x_images,AssayPlate_Greiner_#655090_C02_T0001F002L01A04Z01C04.tif,AssayPlate_Greiner_#655090_C02_T0001F002L01A01Z01C01.tif,AssayPlate_Greiner_#655090_C02_T0001F002L01A02Z01C02.tif,AssayPlate_Greiner_#655090_C02_T0001F002L01A03Z01C03.tif
8,20x,/mnt/hdd2/datasets/astra_data_readonly/astra_data_readonly/20x_images,AssayPlate_Greiner_#655090_C02_T0001F003L01A04Z01C04.tif,AssayPlate_Greiner_#655090_C02_T0001F003L01A01Z01C01.tif,AssayPlate_Greiner_#655090_C02_T0001F003L01A02Z01C02.tif,AssayPlate_Greiner_#655090_C02_T0001F003L01A03Z01C03.tif
9,20x,/mnt/hdd2/datasets/astra_data_readonly/astra_data_readonly/20x_images,AssayPlate_Greiner_#655090_C02_T0001F004L01A04Z01C04.tif,AssayPlate_Greiner_#655090_C02_T0001F004L01A01Z01C01.tif,AssayPlate_Greiner_#655090_C02_T0001F004L01A02Z01C02.tif,AssayPlate_Greiner_#655090_C02_T0001F004L01A03Z01C03.tif
10,20x,/mnt/hdd2/datasets/astra_data_readonly/astra_data_readonly/20x_images,AssayPlate_Greiner_#655090_C02_T0001F005L01A04Z01C04.tif,AssayPlate_Greiner_#655090_C02_T0001F005L01A01Z01C01.tif,AssayPlate_Greiner_#655090_C02_T0001F005L01A02Z01C02.tif,AssayPlate_Greiner_#655090_C02_T0001F005L01A03Z01C03.tif
11,20x,/mnt/hdd2/datasets/astra_data_readonly/astra_data_readonly/20x_images,AssayPlate_Greiner_#655090_C02_T0001F006L01A04Z01C04.tif,AssayPlate_Greiner_#655090_C02_T0001F006L01A01Z01C01.tif,AssayPlate_Greiner_#655090_C02_T0001F006L01A02Z01C02.tif,AssayPlate_Greiner_#655090_C02_T0001F006L01A03Z01C03.tif
12,20x,/mnt/hdd2/datasets/astra_data_readonly/astra_data_readonly/20x_images,AssayPlate_Greiner_#655090_C03_T0001F001L01A04Z01C04.tif,AssayPlate_Greiner_#655090_C03_T0001F001L01A01Z01C01.tif,AssayPlate_Greiner_#655090_C03_T0001F001L01A02Z01C02.tif,AssayPlate_Greiner_#655090_C03_T0001F001L01A03Z01C03.tif
13,20x,/mnt/hdd2/datasets/astra_data_readonly/astra_data_readonly/20x_images,AssayPlate_Greiner_#655090_C03_T0001F002L01A04Z01C04.tif,AssayPlate_Greiner_#655090_C03_T0001F002L01A01Z01C01.tif,AssayPlate_Greiner_#655090_C03_T0001F002L01A02Z01C02.tif,AssayPlate_Greiner_#655090_C03_T0001F002L01A03Z01C03.tif
14,20x,/mnt/hdd2/datasets/astra_data_readonly/astra_data_readonly/20x_images,AssayPlate_Greiner_#655090_C03_T0001F003L01A04Z01C04.tif,AssayPlate_Greiner_#655090_C03_T0001F003L01A01Z01C01.tif,AssayPlate_Greiner_#655090_C03_T0001F003L01A02Z01C02.tif,AssayPlate_Greiner_#655090_C03_T0001F003L01A03Z01C03.tif
15,20x,/mnt/hdd2/datasets/astra_data_readonly/astra_data_readonly/20x_images,AssayPlate_Greiner_#655090_C03_T0001F004L01A04Z01C04.tif,AssayPlate_Greiner_#655090_C03_T0001F004L01A01Z01C01.tif,AssayPlate_Greiner_#655090_C03_T0001F004L01A02Z01C02.tif,AssayPlate_Greiner_#655090_C03_T0001F004L01A03Z01C03.tif
16,20x,/mnt/hdd2/datasets/astra_data_readonly/astra_data_readonly/20x_images,AssayPlate_Greiner_#655090_C03_T0001F005L01A04Z01C04.tif,AssayPlate_Greiner_#655090_C03_T0001F005L01A01Z01C01.tif,AssayPlate_Greiner_#655090_C03_T0001F005L01A02Z01C02.tif,AssayPlate_Greiner_#655090_C03_T0001F005L01A03Z01C03.tif
17,20x,/mnt/hdd2/datasets/astra_data_readonly/astra_data_readonly/20x_images,AssayPlate_Greiner_#655090_C03_T0001F006L01A04Z01C04.tif,AssayPlate_Greiner_#655090_C03_T0001F006L01A01Z01C01.tif,AssayPlate_Greiner_#655090_C03_T0001F006L01A02Z01C02.tif,AssayPlate_Greiner_#655090_C03_T0001F006L01A03Z01C03.tif
18,20x,/mnt/hdd2/datasets/astra_data_readonly/astra_data_readonly/20x_images,AssayPlate_Greiner_#655090_C04_T0001F001L01A04Z01C04.tif,AssayPlate_Greiner_#655090_C04_T0001F001L01A01Z01C01.tif,AssayPlate_Greiner_#655090_C04_T0001F001L01A02Z01C02.tif,AssayPlate_Greiner_#655090_C04_T0001F001L01A03Z01C03.tif
19,20x,/mnt/hdd2/datasets/astra_data_readonly/astra_data_readonly/20x_images,AssayPlate_Greiner_#655090_C04_T0001F002L01A04Z01C04.tif,AssayPlate_Greiner_#655090_C04_T0001F002L01A01Z01C01.tif,AssayPlate_Greiner_#655090_C04_T0001F002L01A02Z01C02.tif,AssayPlate_Greiner_#655090_C04_T0001F002L01A03Z01C03.tif
20,20x,/mnt/hdd2/datasets/astra_data_readonly/astra_data_readonly/20x_images,AssayPlate_Greiner_#655090_C04_T0001F003L01A04Z01C04.tif,AssayPlate_Greiner_#655090_C04_T0001F003L01A01Z01C01.tif,AssayPlate_Greiner_#655090_C04_T0001F003L01A02Z01C02.tif,AssayPlate_Greiner_#655090_C04_T0001F003L01A03Z01C03.tif
21,20x,/mnt/hdd2/datasets/astra_data_readonly/astra_data_readonly/20x_images,AssayPlate_Greiner_#655090_C04_T0001F004L01A04Z01C04.tif,AssayPlate_Greiner_#655090_C04_T0001F004L01A01Z01C01.tif,AssayPlate_Greiner_#655090_C04_T0001F004L01A02Z01C02.tif,AssayPlate_Greiner_#655090_C04_T0001F004L01A03Z01C03.tif
22,20x,/mnt/hdd2/datasets/astra_data_readonly/astra_data_readonly/20x_images,AssayPlate_Greiner_#655090_C04_T0001F005L01A04Z01C04.tif,AssayPlate_Greiner_#655090_C04_T0001F005L01A01Z01C01.tif,AssayPlate_Greiner_#655090_C04_T0001F005L01A02Z01C02.tif,AssayPlate_Greiner_#655090_C04_T0001F005L01A03Z01C03.tif
23,20x,/mnt/hdd2/datasets/astra_data_readonly/astra_data_readonly/20x_images,AssayPlate_Greiner_#655090_C04_T0001F006L01A04Z01C04.tif,AssayPlate_Greiner_#655090_C04_T0001F006L01A01Z01C01.tif,AssayPlate_Greiner_#655090_C04_T0001F006L01A02Z01C02.tif,AssayPlate_Greiner_#655090_C04_T0001F006L01A03Z01C03.tif
24,20x,/mnt/hdd2/datasets/astra_data_readonly/astra_data_readonly/20x_images,AssayPlate_Greiner_#655090_D02_T0001F001L01A04Z01C04.tif,AssayPlate_Greiner_#655090_D02_T0001F001L01A01Z01C01.tif,AssayPlate_Greiner_#655090_D02_T0001F001L01A02Z01C02.tif,AssayPlate_Greiner_#655090_D02_T0001F001L01A03Z01C03.tif
25,20x,/mnt/hdd2/datasets/astra_data_readonly/astra_data_readonly/20x_images,AssayPlate_Greiner_#655090_D02_T0001F002L01A04Z01C04.tif,AssayPlate_Greiner_#655090_D02_T0001F002L01A01Z01C01.tif,AssayPlate_Greiner_#655090_D02_T0001F002L01A02Z01C02.tif,AssayPlate_Greiner_#655090_D02_T0001F002L01A03Z01C03.tif
26,20x,/mnt/hdd2/datasets/astra_data_readonly/astra_data_readonly/20x_images,AssayPlate_Greiner_#655090_D02_T0001F003L01A04Z01C04.tif,AssayPlate_Greiner_#655090_D02_T0001F003L01A01Z01C01.tif,AssayPlate_Greiner_#655090_D02_T0001F003L01A02Z01C02.tif,AssayPlate_Greiner_#655090_D02_T0001F003L01A03Z01C03.tif
27,20x,/mnt/hdd2/datasets/astra_data_readonly/astra_data_readonly/20x_images,AssayPlate_Greiner_#655090_D02_T0001F004L01A04Z01C04.tif,AssayPlate_Greiner_#655090_D02_T0001F004L01A01Z01C01.tif,AssayPlate_Greiner_#655090_D02_T0001F004L01A02Z01C02.tif,AssayPlate_Greiner_#655090_D02_T0001F004L01A03Z01C03.tif
28,20x,/mnt/hdd2/datasets/astra_data_readonly/astra_data_readonly/20x_images,AssayPlate_Greiner_#655090_D02_T0001F005L01A04Z01C04.tif,AssayPlate_Greiner_#655090_D02_T0001F005L01A01Z01C01.tif,AssayPlate_Greiner_#655090_D02_T0001F005L01A02Z01C02.tif,AssayPlate_Greiner_#655090_D02_T0001F005L01A03Z01C03.tif
29,20x,/mnt/hdd2/datasets/astra_data_readonly/astra_data_readonly/20x_images,AssayPlate_Greiner_#655090_D02_T0001F006L01A04Z01C04.tif,AssayPlate_Greiner_#655090_D02_T0001F006L01A01Z01C01.tif,AssayPlate_Greiner_#655090_D02_T0001F006L01A02Z01C02.tif,AssayPlate_Greiner_#655090_D02_T0001F006L01A03Z01C03.tif
30,20x,/mnt/hdd2/datasets/astra_data_readonly/astra_data_readonly/20x_images,AssayPlate_Greiner_#655090_D03_T0001F001L01A04Z01C04.tif,AssayPlate_Greiner_#655090_D03_T0001F001L01A01Z01C01.tif,AssayPlate_Greiner_#655090_D03_T0001F001L01A02Z01C02.tif,AssayPlate_Greiner_#655090_D03_T0001F001L01A03Z01C03.tif
31,20x,/mnt/hdd2/datasets/astra_data_readonly/astra_data_readonly/20x_images,AssayPlate_Greiner_#655090_D03_T0001F002L01A04Z01C04.tif,AssayPlate_Greiner_#655090_D03_T0001F002L01A01Z01C01.tif,AssayPlate_Greiner_#655090_D03_T0001F002L01A02Z01C02.tif,AssayPlate_Greiner_#655090_D03_T0001F002L01A03Z01C03.tif
32,20x,/mnt/hdd2/datasets/astra_data_readonly/astra_data_readonly/20x_images,AssayPlate_Greiner_#655090_D03_T0001F003L01A04Z01C04.tif,AssayPlate_Greiner_#655090_D03_T0001F003L01A01Z01C01.tif,AssayPlate_Greiner_#655090_D03_T0001F003L01A02Z01C02.tif,AssayPlate_Greiner_#655090_D03_T0001F003L01A03Z01C03.tif
33,20x,/mnt/hdd2/datasets/astra_data_readonly/astra_data_readonly/20x_images,AssayPlate_Greiner_#655090_D03_T0001F004L01A04Z01C04.tif,AssayPlate_Greiner_#655090_D03_T0001F004L01A01Z01C01.tif,AssayPlate_Greiner_#655090_D03_T0001F004L01A02Z01C02.tif,AssayPlate_Greiner_#655090_D03_T0001F004L01A03Z01C03.tif
34,20x,/mnt/hdd2/datasets/astra_data_readonly/astra_data_readonly/20x_images,AssayPlate_Greiner_#655090_D03_T0001F005L01A04Z01C04.tif,AssayPlate_Greiner_#655090_D03_T0001F005L01A01Z01C01.tif,AssayPlate_Greiner_#655090_D03_T0001F005L01A02Z01C02.tif,AssayPlate_Greiner_#655090_D03_T0001F005L01A03Z01C03.tif
35,20x,/mnt/hdd2/datasets/astra_data_readonly/astra_data_readonly/20x_images,AssayPlate_Greiner_#655090_D03_T0001F006L01A04Z01C04.tif,AssayPlate_Greiner_#655090_D03_T0001F006L01A01Z01C01.tif,AssayPlate_Greiner_#655090_D03_T0001F006L01A02Z01C02.tif,AssayPlate_Greiner_#655090_D03_T0001F006L01A03Z01C03.tif
36,20x,/mnt/hdd2/datasets/astra_data_readonly/astra_data_readonly/20x_images,AssayPlate_Greiner_#655090_D04_T0001F001L01A04Z01C04.tif,AssayPlate_Greiner_#655090_D04_T0001F001L01A01Z01C01.tif,AssayPlate_Greiner_#655090_D04_T0001F001L01A02Z01C02.tif,AssayPlate_Greiner_#655090_D04_T0001F001L01A03Z01C03.tif
37,20x,/mnt/hdd2/datasets/astra_data_readonly/astra_data_readonly/20x_images,AssayPlate_Greiner_#655090_D04_T0001F002L01A04Z01C04.tif,AssayPlate_Greiner_#655090_D04_T0001F002L01A01Z01C01.tif,AssayPlate_Greiner_#655090_D04_T0001F002L01A02Z01C02.tif,AssayPlate_Greiner_#655090_D04_T0001F002L01A03Z01C03.tif
38,20x,/mnt/hdd2/datasets/astra_data_readonly/astra_data_readonly/20x_images,AssayPlate_Greiner_#655090_D04_T0001F003L01A04Z01C04.tif,AssayPlate_Greiner_#655090_D04_T0001F003L01A01Z01C01.tif,AssayPlate_Greiner_#655090_D04_T0001F003L01A02Z01C02.tif,AssayPlate_Greiner_#655090_D04_T0001F003L01A03Z01C03.tif
39,20x,/mnt/hdd2/datasets/astra_data_readonly/astra_data_readonly/20x_images,AssayPlate_Greiner_#655090_D04_T0001F004L01A04Z01C04.tif,AssayPlate_Greiner_#655090_D04_T0001F004L01A01Z01C01.tif,AssayPlate_Greiner_#655090_D04_T0001F004L01A02Z01C02.tif,AssayPlate_Greiner_#655090_D04_T0001F004L01A03Z01C03.tif
40,20x,/mnt/hdd2/datasets/astra_data_readonly/astra_data_readonly/20x_images,AssayPlate_Greiner_#655090_D04_T0001F005L01A04Z01C04.tif,AssayPlate_Greiner_#655090_D04_T0001F005L01A01Z01C01.tif,AssayPlate_Greiner_#655090_D04_T0001F005L01A02Z01C02.tif,AssayPlate_Greiner_#655090_D04_T0001F005L01A03Z01C03.tif
41,20x,/mnt/hdd2/datasets/astra_data_readonly/astra_data_readonly/20x_images,AssayPlate_Greiner_#655090_D04_T0001F006L01A04Z01C04.tif,AssayPlate_Greiner_#655090_D04_T0001F006L01A01Z01C01.tif,AssayPlate_Greiner_#655090_D04_T0001F006L01A02Z01C02.tif,AssayPlate_Greiner_#655090_D04_T0001F006L01A03Z01C03.tif
42,40x,/mnt/hdd2/datasets/astra_data_readonly/astra_data_readonly/40x_images,AssayPlate_Greiner_#655090_B04_T0001F001L01A04Z01C04.tif,AssayPlate_Greiner_#655090_B04_T0001F001L01A01Z01C01.tif,AssayPlate_Greiner_#655090_B04_T0001F001L01A02Z01C02.tif,AssayPlate_Greiner_#655090_B04_T0001F001L01A03Z01C03.tif
43,40x,/mnt/hdd2/datasets/astra_data_readonly/astra_data_readonly/40x_images,AssayPlate_Greiner_#655090_B04_T0001F002L01A04Z01C04.tif,AssayPlate_Greiner_#655090_B04_T0001F002L01A01Z01C01.tif,AssayPlate_Greiner_#655090_B04_T0001F002L01A02Z01C02.tif,AssayPlate_Greiner_#655090_B04_T0001F002L01A03Z01C03.tif
44,40x,/mnt/hdd2/datasets/astra_data_readonly/astra_data_readonly/40x_images,AssayPlate_Greiner_#655090_B04_T0001F003L01A04Z01C04.tif,AssayPlate_Greiner_#655090_B04_T0001F003L01A01Z01C01.tif,AssayPlate_Greiner_#655090_B04_T0001F003L01A02Z01C02.tif,AssayPlate_Greiner_#655090_B04_T0001F003L01A03Z01C03.tif
45,40x,/mnt/hdd2/datasets/astra_data_readonly/astra_data_readonly/40x_images,AssayPlate_Greiner_#655090_B04_T0001F004L01A04Z01C04.tif,AssayPlate_Greiner_#655090_B04_T0001F004L01A01Z01C01.tif,AssayPlate_Greiner_#655090_B04_T0001F004L01A02Z01C02.tif,AssayPlate_Greiner_#655090_B04_T0001F004L01A03Z01C03.tif
46,40x,/mnt/hdd2/datasets/astra_data_readonly/astra_data_readonly/40x_images,AssayPlate_Greiner_#655090_B04_T0001F005L01A04Z01C04.tif,AssayPlate_Greiner_#655090_B04_T0001F005L01A01Z01C01.tif,AssayPlate_Greiner_#655090_B04_T0001F005L01A02Z01C02.tif,AssayPlate_Greiner_#655090_B04_T0001F005L01A03Z01C03.tif
47,40x,/mnt/hdd2/datasets/astra_data_readonly/astra_data_readonly/40x_images,AssayPlate_Greiner_#655090_B04_T0001F006L01A04Z01C04.tif,AssayPlate_Greiner_#655090_B04_T0001F006L01A01Z01C01.tif,AssayPlate_Greiner_#655090_B04_T0001F006L01A02Z01C02.tif,AssayPlate_Greiner_#655090_B04_T0001F006L01A03Z01C03.tif
48,40x,/mnt/hdd2/datasets/astra_data_readonly/astra_data_readonly/40x_images,AssayPlate_Greiner_#655090_B04_T0001F007L01A04Z01C04.tif,AssayPlate_Greiner_#655090_B04_T0001F007L01A01Z01C01.tif,AssayPlate_Greiner_#655090_B04_T0001F007L01A02Z01C02.tif,AssayPlate_Greiner_#655090_B04_T0001F007L01A03Z01C03.tif
49,40x,/mnt/hdd2/datasets/astra_data_readonly/astra_data_readonly/40x_images,AssayPlate_Greiner_#655090_B04_T0001F008L01A04Z01C04.tif,AssayPlate_Greiner_#655090_B04_T0001F008L01A01Z01C01.tif,AssayPlate_Greiner_#655090_B04_T0001F008L01A02Z01C02.tif,AssayPlate_Greiner_#655090_B04_T0001F008L01A03Z01C03.tif
50,40x,/mnt/hdd2/datasets/astra_data_readonly/astra_data_readonly/40x_images,AssayPlate_Greiner_#655090_C02_T0001F001L01A04Z01C04.tif,AssayPlate_Greiner_#655090_C02_T0001F001L01A01Z01C01.tif,AssayPlate_Greiner_#655090_C02_T0001F001L01A02Z01C02.tif,AssayPlate_Greiner_#655090_C02_T0001F001L01A03Z01C03.tif
51,40x,/mnt/hdd2/datasets/astra_data_readonly/astra_data_readonly/40x_images,AssayPlate_Greiner_#655090_C02_T0001F002L01A04Z01C04.tif,AssayPlate_Greiner_#655090_C02_T0001F002L01A01Z01C01.tif,AssayPlate_Greiner_#655090_C02_T0001F002L01A02Z01C02.tif,AssayPlate_Greiner_#655090_C02_T0001F002L01A03Z01C03.tif
52,40x,/mnt/hdd2/datasets/astra_data_readonly/astra_data_readonly/40x_images,AssayPlate_Greiner_#655090_C02_T0001F003L01A04Z01C04.tif,AssayPlate_Greiner_#655090_C02_T0001F003L01A01Z01C01.tif,AssayPlate_Greiner_#655090_C02_T0001F003L01A02Z01C02.tif,AssayPlate_Greiner_#655090_C02_T0001F003L01A03Z01C03.tif
53,40x,/mnt/hdd2/datasets/astra_data_readonly/astra_data_readonly/40x_images,AssayPlate_Greiner_#655090_C02_T0001F004L01A04Z01C04.tif,AssayPlate_Greiner_#655090_C02_T0001F004L01A01Z01C01.tif,AssayPlate_Greiner_#655090_C02_T0001F004L01A02Z01C02.tif,AssayPlate_Greiner_#655090_C02_T0001F004L01A03Z01C03.tif
54,40x,/mnt/hdd2/datasets/astra_data_readonly/astra_data_readonly/40x_images,AssayPlate_Greiner_#655090_C02_T0001F005L01A04Z01C04.tif,AssayPlate_Greiner_#655090_C02_T0001F005L01A01Z01C01.tif,AssayPlate_Greiner_#655090_C02_T0001F005L01A02Z01C02.tif,AssayPlate_Greiner_#655090_C02_T0001F005L01A03Z01C03.tif
55,40x,/mnt/hdd2/datasets/astra_data_readonly/astra_data_readonly/40x_images,AssayPlate_Greiner_#655090_C02_T0001F006L01A04Z01C04.tif,AssayPlate_Greiner_#655090_C02_T0001F006L01A01Z01C01.tif,AssayPlate_Greiner_#655090_C02_T0001F006L01A02Z01C02.tif,AssayPlate_Greiner_#655090_C02_T0001F006L01A03Z01C03.tif
56,40x,/mnt/hdd2/datasets/astra_data_readonly/astra_data_readonly/40x_images,AssayPlate_Greiner_#655090_C02_T0001F007L01A04Z01C04.tif,AssayPlate_Greiner_#655090_C02_T0001F007L01A01Z01C01.tif,AssayPlate_Greiner_#655090_C02_T0001F007L01A02Z01C02.tif,AssayPlate_Greiner_#655090_C02_T0001F007L01A03Z01C03.tif
57,40x,/mnt/hdd2/datasets/astra_data_readonly/astra_data_readonly/40x_images,AssayPlate_Greiner_#655090_C02_T0001F008L01A04Z01C04.tif,AssayPlate_Greiner_#655090_C02_T0001F008L01A01Z01C01.tif,AssayPlate_Greiner_#655090_C02_T0001F008L01A02Z01C02.tif,AssayPlate_Greiner_#655090_C02_T0001F008L01A03Z01C03.tif
58,40x,/mnt/hdd2/datasets/astra_data_readonly/astra_data_readonly/40x_images,AssayPlate_Greiner_#655090_C03_T0001F001L01A04Z01C04.tif,AssayPlate_Greiner_#655090_C03_T0001F001L01A01Z01C01.tif,AssayPlate_Greiner_#655090_C03_T0001F001L01A02Z01C02.tif,AssayPlate_Greiner_#655090_C03_T0001F001L01A03Z01C03.tif
59,40x,/mnt/hdd2/datasets/astra_data_readonly/astra_data_readonly/40x_images,AssayPlate_Greiner_#655090_C03_T0001F002L01A04Z01C04.tif,AssayPlate_Greiner_#655090_C03_T0001F002L01A01Z01C01.tif,AssayPlate_Greiner_#655090_C03_T0001F002L01A02Z01C02.tif,AssayPlate_Greiner_#655090_C03_T0001F002L01A03Z01C03.tif
60,40x,/mnt/hdd2/datasets/astra_data_readonly/astra_data_readonly/40x_images,AssayPlate_Greiner_#655090_C03_T0001F003L01A04Z01C04.tif,AssayPlate_Greiner_#655090_C03_T0001F003L01A01Z01C01.tif,AssayPlate_Greiner_#655090_C03_T0001F003L01A02Z01C02.tif,AssayPlate_Greiner_#655090_C03_T0001F003L01A03Z01C03.tif
61,40x,/mnt/hdd2/datasets/astra_data_readonly/astra_data_readonly/40x_images,AssayPlate_Greiner_#655090_C03_T0001F004L01A04Z01C04.tif,AssayPlate_Greiner_#655090_C03_T0001F004L01A01Z01C01.tif,AssayPlate_Greiner_#655090_C03_T0001F004L01A02Z01C02.tif,AssayPlate_Greiner_#655090_C03_T0001F004L01A03Z01C03.tif
62,40x,/mnt/hdd2/datasets/astra_data_readonly/astra_data_readonly/40x_images,AssayPlate_Greiner_#655090_C03_T0001F005L01A04Z01C04.tif,AssayPlate_Greiner_#655090_C03_T0001F005L01A01Z01C01.tif,AssayPlate_Greiner_#655090_C03_T0001F005L01A02Z01C02.tif,AssayPlate_Greiner_#655090_C03_T0001F005L01A03Z01C03.tif
63,40x,/mnt/hdd2/datasets/astra_data_readonly/astra_data_readonly/40x_images,AssayPlate_Greiner_#655090_C03_T0001F006L01A04Z01C04.tif,AssayPlate_Greiner_#655090_C03_T0001F006L01A01Z01C01.tif,AssayPlate_Greiner_#655090_C03_T0001F006L01A02Z01C02.tif,AssayPlate_Greiner_#655090_C03_T0001F006L01A03Z01C03.tif
64,40x,/mnt/hdd2/datasets/astra_data_readonly/astra_data_readonly/40x_images,AssayPlate_Greiner_#655090_C03_T0001F007L01A04Z01C04.tif,AssayPlate_Greiner_#655090_C03_T0001F007L01A01Z01C01.tif,AssayPlate_Greiner_#655090_C03_T0001F007L01A02Z01C02.tif,AssayPlate_Greiner_#655090_C03_T0001F007L01A03Z01C03.tif
65,40x,/mnt/hdd2/datasets/astra_data_readonly/astra_data_readonly/40x_images,AssayPlate_Greiner_#655090_C03_T0001F008L01A04Z01C04.tif,AssayPlate_Greiner_#655090_C03_T0001F008L01A01Z01C01.tif,AssayPlate_Greiner_#655090_C03_T0001F008L01A02Z01C02.tif,AssayPlate_Greiner_#655090_C03_T0001F008L01A03Z01C03.tif
66,40x,/mnt/hdd2/datasets/astra_data_readonly/astra_data_readonly/40x_images,AssayPlate_Greiner_#655090_C04_T0001F001L01A04Z01C04.tif,AssayPlate_Greiner_#655090_C04_T0001F001L01A01Z01C01.tif,AssayPlate_Greiner_#655090_C04_T0001F001L01A02Z01C02.tif,AssayPlate_Greiner_#655090_C04_T0001F001L01A03Z01C03.tif
67,40x,/mnt/hdd2/datasets/astra_data_readonly/astra_data_readonly/40x_images,AssayPlate_Greiner_#655090_C04_T0001F002L01A04Z01C04.tif,AssayPlate_Greiner_#655090_C04_T0001F002L01A01Z01C01.tif,AssayPlate_Greiner_#655090_C04_T0001F002L01A02Z01C02.tif,AssayPlate_Greiner_#655090_C04_T0001F002L01A03Z01C03.tif
68,40x,/mnt/hdd2/datasets/astra_data_readonly/astra_data_readonly/40x_images,AssayPlate_Greiner_#655090_C04_T0001F003L01A04Z01C04.tif,AssayPlate_Greiner_#655090_C04_T0001F003L01A01Z01C01.tif,AssayPlate_Greiner_#655090_C04_T0001F003L01A02Z01C02.tif,AssayPlate_Greiner_#655090_C04_T0001F003L01A03Z01C03.tif
69,40x,/mnt/hdd2/datasets/astra_data_readonly/astra_data_readonly/40x_images,AssayPlate_Greiner_#655090_C04_T0001F004L01A04Z01C04.tif,AssayPlate_Greiner_#655090_C04_T0001F004L01A01Z01C01.tif,AssayPlate_Greiner_#655090_C04_T0001F004L01A02Z01C02.tif,AssayPlate_Greiner_#655090_C04_T0001F004L01A03Z01C03.tif
70,40x,/mnt/hdd2/datasets/astra_data_readonly/astra_data_readonly/40x_images,AssayPlate_Greiner_#655090_C04_T0001F005L01A04Z01C04.tif,AssayPlate_Greiner_#655090_C04_T0001F005L01A01Z01C01.tif,AssayPlate_Greiner_#655090_C04_T0001F005L01A02Z01C02.tif,AssayPlate_Greiner_#655090_C04_T0001F005L01A03Z01C03.tif
71,40x,/mnt/hdd2/datasets/astra_data_readonly/astra_data_readonly/40x_images,AssayPlate_Greiner_#655090_C04_T0001F006L01A04Z01C04.tif,AssayPlate_Greiner_#655090_C04_T0001F006L01A01Z01C01.tif,AssayPlate_Greiner_#655090_C04_T0001F006L01A02Z01C02.tif,AssayPlate_Greiner_#655090_C04_T0001F006L01A03Z01C03.tif
72,40x,/mnt/hdd2/datasets/astra_data_readonly/astra_data_readonly/40x_images,AssayPlate_Greiner_#655090_C04_T0001F007L01A04Z01C04.tif,AssayPlate_Greiner_#655090_C04_T0001F007L01A01Z01C01.tif,AssayPlate_Greiner_#655090_C04_T0001F007L01A02Z01C02.tif,AssayPlate_Greiner_#655090_C04_T0001F007L01A03Z01C03.tif
73,40x,/mnt/hdd2/datasets/astra_data_readonly/astra_data_readonly/40x_images,AssayPlate_Greiner_#655090_C04_T0001F008L01A04Z01C04.tif,AssayPlate_Greiner_#655090_C04_T0001F008L01A01Z01C01.tif,AssayPlate_Greiner_#655090_C04_T0001F008L01A02Z01C02.tif,AssayPlate_Greiner_#655090_C04_T0001F008L01A03Z01C03.tif
74,40x,/mnt/hdd2/datasets/astra_data_readonly/astra_data_readonly/40x_images,AssayPlate_Greiner_#655090_D02_T0001F001L01A04Z01C04.tif,AssayPlate_Greiner_#655090_D02_T0001F001L01A01Z01C01.tif,AssayPlate_Greiner_#655090_D02_T0001F001L01A02Z01C02.tif,AssayPlate_Greiner_#655090_D02_T0001F001L01A03Z01C03.tif
75,40x,/mnt/hdd2/datasets/astra_data_readonly/astra_data_readonly/40x_images,AssayPlate_Greiner_#655090_D02_T0001F002L01A04Z01C04.tif,AssayPlate_Greiner_#655090_D02_T0001F002L01A01Z01C01.tif,AssayPlate_Greiner_#655090_D02_T0001F002L01A02Z01C02.tif,AssayPlate_Greiner_#655090_D02_T0001F002L01A03Z01C03.tif
76,40x,/mnt/hdd2/datasets/astra_data_readonly/astra_data_readonly/40x_images,AssayPlate_Greiner_#655090_D02_T0001F003L01A04Z01C04.tif,AssayPlate_Greiner_#655090_D02_T0001F003L01A01Z01C01.tif,AssayPlate_Greiner_#655090_D02_T0001F003L01A02Z01C02.tif,AssayPlate_Greiner_#655090_D02_T0001F003L01A03Z01C03.tif
77,40x,/mnt/hdd2/datasets/astra_data_readonly/astra_data_readonly/40x_images,AssayPlate_Greiner_#655090_D02_T0001F004L01A04Z01C04.tif,AssayPlate_Greiner_#655090_D02_T0001F004L01A01Z01C01.tif,AssayPlate_Greiner_#655090_D02_T0001F004L01A02Z01C02.tif,AssayPlate_Greiner_#655090_D02_T0001F004L01A03Z01C03.tif
78,40x,/mnt/hdd2/datasets/astra_data_readonly/astra_data_readonly/40x_images,AssayPlate_Greiner_#655090_D02_T0001F005L01A04Z01C04.tif,AssayPlate_Greiner_#655090_D02_T0001F005L01A01Z01C01.tif,AssayPlate_Greiner_#655090_D02_T0001F005L01A02Z01C02.tif,AssayPlate_Greiner_#655090_D02_T0001F005L01A03Z01C03.tif
79,40x,/mnt/hdd2/datasets/astra_data_readonly/astra_data_readonly/40x_images,AssayPlate_Greiner_#655090_D02_T0001F006L01A04Z01C04.tif,AssayPlate_Greiner_#655090_D02_T0001F006L01A01Z01C01.tif,AssayPlate_Greiner_#655090_D02_T0001F006L01A02Z01C02.tif,AssayPlate_Greiner_#655090_D02_T0001F006L01A03Z01C03.tif
80,40x,/mnt/hdd2/datasets/astra_data_readonly/astra_data_readonly/40x_images,AssayPlate_Greiner_#655090_D02_T0001F007L01A04Z01C04.tif,AssayPlate_Greiner_#655090_D02_T0001F007L01A01Z01C01.tif,AssayPlate_Greiner_#655090_D02_T0001F007L01A02Z01C02.tif,AssayPlate_Greiner_#655090_D02_T0001F007L01A03Z01C03.tif
81,40x,/mnt/hdd2/datasets/astra_data_readonly/astra_data_readonly/40x_images,AssayPlate_Greiner_#655090_D02_T0001F008L01A04Z01C04.tif,AssayPlate_Greiner_#655090_D02_T0001F008L01A01Z01C01.tif,AssayPlate_Greiner_#655090_D02_T0001F008L01A02Z01C02.tif,AssayPlate_Greiner_#655090_D02_T0001F008L01A03Z01C03.tif
82,40x,/mnt/hdd2/datasets/astra_data_readonly/astra_data_readonly/40x_images,AssayPlate_Greiner_#655090_D03_T0001F001L01A04Z01C04.tif,AssayPlate_Greiner_#655090_D03_T0001F001L01A01Z01C01.tif,AssayPlate_Greiner_#655090_D03_T0001F001L01A02Z01C02.tif,AssayPlate_Greiner_#655090_D03_T0001F001L01A03Z01C03.tif
83,40x,/mnt/hdd2/datasets/astra_data_readonly/astra_data_readonly/40x_images,AssayPlate_Greiner_#655090_D03_T0001F002L01A04Z01C04.tif,AssayPlate_Greiner_#655090_D03_T0001F002L01A01Z01C01.tif,AssayPlate_Greiner_#655090_D03_T0001F002L01A02Z01C02.tif,AssayPlate_Greiner_#655090_D03_T0001F002L01A03Z01C03.tif
84,40x,/mnt/hdd2/datasets/astra_data_readonly/astra_data_readonly/40x_images,AssayPlate_Greiner_#655090_D03_T0001F003L01A04Z01C04.tif,AssayPlate_Greiner_#655090_D03_T0001F003L01A01Z01C01.tif,AssayPlate_Greiner_#655090_D03_T0001F003L01A02Z01C02.tif,AssayPlate_Greiner_#655090_D03_T0001F003L01A03Z01C03.tif
85,40x,/mnt/hdd2/datasets/astra_data_readonly/astra_data_readonly/40x_images,AssayPlate_Greiner_#655090_D03_T0001F004L01A04Z01C04.tif,AssayPlate_Greiner_#655090_D03_T0001F004L01A01Z01C01.tif,AssayPlate_Greiner_#655090_D03_T0001F004L01A02Z01C02.tif,AssayPlate_Greiner_#655090_D03_T0001F004L01A03Z01C03.tif
86,40x,/mnt/hdd2/datasets/astra_data_readonly/astra_data_readonly/40x_images,AssayPlate_Greiner_#655090_D03_T0001F005L01A04Z01C04.tif,AssayPlate_Greiner_#655090_D03_T0001F005L01A01Z01C01.tif,AssayPlate_Greiner_#655090_D03_T0001F005L01A02Z01C02.tif,AssayPlate_Greiner_#655090_D03_T0001F005L01A03Z01C03.tif
87,40x,/mnt/hdd2/datasets/astra_data_readonly/astra_data_readonly/40x_images,AssayPlate_Greiner_#655090_D03_T0001F006L01A04Z01C04.tif,AssayPlate_Greiner_#655090_D03_T0001F006L01A01Z01C01.tif,AssayPlate_Greiner_#655090_D03_T0001F006L01A02Z01C02.tif,AssayPlate_Greiner_#655090_D03_T0001F006L01A03Z01C03.tif
88,40x,/mnt/hdd2/datasets/astra_data_readonly/astra_data_readonly/40x_images,AssayPlate_Greiner_#655090_D03_T0001F007L01A04Z01C04.tif,AssayPlate_Greiner_#655090_D03_T0001F007L01A01Z01C01.tif,AssayPlate_Greiner_#655090_D03_T0001F007L01A02Z01C02.tif,AssayPlate_Greiner_#655090_D03_T0001F007L01A03Z01C03.tif
89,40x,/mnt/hdd2/datasets/astra_data_readonly/astra_data_readonly/40x_images,AssayPlate_Greiner_#655090_D03_T0001F008L01A04Z01C04.tif,AssayPlate_Greiner_#655090_D03_T0001F008L01A01Z01C01.tif,AssayPlate_Greiner_#655090_D03_T0001F008L01A02Z01C02.tif,AssayPlate_Greiner_#655090_D03_T0001F008L01A03Z01C03.tif
90,40x,/mnt/hdd2/datasets/astra_data_readonly/astra_data_readonly/40x_images,AssayPlate_Greiner_#655090_D04_T0001F001L01A04Z01C04.tif,AssayPlate_Greiner_#655090_D04_T0001F001L01A01Z01C01.tif,AssayPlate_Greiner_#655090_D04_T0001F001L01A02Z01C02.tif,AssayPlate_Greiner_#655090_D04_T0001F001L01A03Z01C03.tif
91,40x,/mnt/hdd2/datasets/astra_data_readonly/astra_data_readonly/40x_images,AssayPlate_Greiner_#655090_D04_T0001F002L01A04Z01C04.tif,AssayPlate_Greiner_#655090_D04_T0001F002L01A01Z01C01.tif,AssayPlate_Greiner_#655090_D04_T0001F002L01A02Z01C02.tif,AssayPlate_Greiner_#655090_D04_T0001F002L01A03Z01C03.tif
92,40x,/mnt/hdd2/datasets/astra_data_readonly/astra_data_readonly/40x_images,AssayPlate_Greiner_#655090_D04_T0001F003L01A04Z01C04.tif,AssayPlate_Greiner_#655090_D04_T0001F003L01A01Z01C01.tif,AssayPlate_Greiner_#655090_D04_T0001F003L01A02Z01C02.tif,AssayPlate_Greiner_#655090_D04_T0001F003L01A03Z01C03.tif
93,40x,/mnt/hdd2/datasets/astra_data_readonly/astra_data_readonly/40x_images,AssayPlate_Greiner_#655090_D04_T0001F004L01A04Z01C04.tif,AssayPlate_Greiner_#655090_D04_T0001F004L01A01Z01C01.tif,AssayPlate_Greiner_#655090_D04_T0001F004L01A02Z01C02.tif,AssayPlate_Greiner_#655090_D04_T0001F004L01A03Z01C03.tif
94,40x,/mnt/hdd2/datasets/astra_data_readonly/astra_data_readonly/40x_images,AssayPlate_Greiner_#655090_D04_T0001F005L01A04Z01C04.tif,AssayPlate_Greiner_#655090_D04_T0001F005L01A01Z01C01.tif,AssayPlate_Greiner_#655090_D04_T0001F005L01A02Z01C02.tif,AssayPlate_Greiner_#655090_D04_T0001F005L01A03Z01C03.tif
95,40x,/mnt/hdd2/datasets/astra_data_readonly/astra_data_readonly/40x_images,AssayPlate_Greiner_#655090_D04_T0001F006L01A04Z01C04.tif,AssayPlate_Greiner_#655090_D04_T0001F006L01A01Z01C01.tif,AssayPlate_Greiner_#655090_D04_T0001F006L01A02Z01C02.tif,AssayPlate_Greiner_#655090_D04_T0001F006L01A03Z01C03.tif
96,40x,/mnt/hdd2/datasets/astra_data_readonly/astra_data_readonly/40x_images,AssayPlate_Greiner_#655090_D04_T0001F007L01A04Z01C04.tif,AssayPlate_Greiner_#655090_D04_T0001F007L01A01Z01C01.tif,AssayPlate_Greiner_#655090_D04_T0001F007L01A02Z01C02.tif,AssayPlate_Greiner_#655090_D04_T0001F007L01A03Z01C03.tif
97,40x,/mnt/hdd2/datasets/astra_data_readonly/astra_data_readonly/40x_images,AssayPlate_Greiner_#655090_D04_T0001F008L01A04Z01C04.tif,AssayPlate_Greiner_#655090_D04_T0001F008L01A01Z01C01.tif,AssayPlate_Greiner_#655090_D04_T0001F008L01A02Z01C02.tif,AssayPlate_Greiner_#655090_D04_T0001F008L01A03Z01C03.tif
98,60x,/mnt/hdd2/datasets/astra_data_readonly/astra_data_readonly/60x_images,AssayPlate_Greiner_#655090_B04_T0001F001L01A04Z01C04.tif,AssayPlate_Greiner_#655090_B04_T0001F001L01A01Z01C01.tif,AssayPlate_Greiner_#655090_B04_T0001F001L01A02Z01C02.tif,AssayPlate_Greiner_#655090_B04_T0001F001L01A03Z01C03.tif
99,60x,/mnt/hdd2/datasets/astra_data_readonly/astra_data_readonly/60x_images,AssayPlate_Greiner_#655090_B04_T0001F002L01A04Z01C04.tif,AssayPlate_Greiner_#655090_B04_T0001F002L01A01Z01C01.tif,AssayPlate_Greiner_#655090_B04_T0001F002L01A02Z01C02.tif,AssayPlate_Greiner_#655090_B04_T0001F002L01A03Z01C03.tif
100,60x,/mnt/hdd2/datasets/astra_data_readonly/astra_data_readonly/60x_images,AssayPlate_Greiner_#655090_B04_T0001F003L01A04Z01C04.tif,AssayPlate_Greiner_#655090_B04_T0001F003L01A01Z01C01.tif,AssayPlate_Greiner_#655090_B04_T0001F003L01A02Z01C02.tif,AssayPlate_Greiner_#655090_B04_T0001F003L01A03Z01C03.tif
101,60x,/mnt/hdd2/datasets/astra_data_readonly/astra_data_readonly/60x_images,AssayPlate_Greiner_#655090_B04_T0001F004L01A04Z01C04.tif,AssayPlate_Greiner_#655090_B04_T0001F004L01A01Z01C01.tif,AssayPlate_Greiner_#655090_B04_T0001F004L01A02Z01C02.tif,AssayPlate_Greiner_#655090_B04_T0001F004L01A03Z01C03.tif
102,60x,/mnt/hdd2/datasets/astra_data_readonly/astra_data_readonly/60x_images,AssayPlate_Greiner_#655090_B04_T0001F005L01A04Z01C04.tif,AssayPlate_Greiner_#655090_B04_T0001F005L01A01Z01C01.tif,AssayPlate_Greiner_#655090_B04_T0001F005L01A02Z01C02.tif,AssayPlate_Greiner_#655090_B04_T0001F005L01A03Z01C03.tif
103,60x,/mnt/hdd2/datasets/astra_data_readonly/astra_data_readonly/60x_images,AssayPlate_Greiner_#655090_B04_T0001F006L01A04Z01C04.tif,AssayPlate_Greiner_#655090_B04_T0001F006L01A01Z01C01.tif,AssayPlate_Greiner_#655090_B04_T0001F006L01A02Z01C02.tif,AssayPlate_Greiner_#655090_B04_T0001F006L01A03Z01C03.tif
104,60x,/mnt/hdd2/datasets/astra_data_readonly/astra_data_readonly/60x_images,AssayPlate_Greiner_#655090_B04_T0001F007L01A04Z01C04.tif,AssayPlate_Greiner_#655090_B04_T0001F007L01A01Z01C01.tif,AssayPlate_Greiner_#655090_B04_T0001F007L01A02Z01C02.tif,AssayPlate_Greiner_#655090_B04_T0001F007L01A03Z01C03.tif
105,60x,/mnt/hdd2/datasets/astra_data_readonly/astra_data_readonly/60x_images,AssayPlate_Greiner_#655090_B04_T0001F008L01A04Z01C04.tif,AssayPlate_Greiner_#655090_B04_T0001F008L01A01Z01C01.tif,AssayPlate_Greiner_#655090_B04_T0001F008L01A02Z01C02.tif,AssayPlate_Greiner_#655090_B04_T0001F008L01A03Z01C03.tif
106,60x,/mnt/hdd2/datasets/astra_data_readonly/astra_data_readonly/60x_images,AssayPlate_Greiner_#655090_B04_T0001F009L01A04Z01C04.tif,AssayPlate_Greiner_#655090_B04_T0001F009L01A01Z01C01.tif,AssayPlate_Greiner_#655090_B04_T0001F009L01A02Z01C02.tif,AssayPlate_Greiner_#655090_B04_T0001F009L01A03Z01C03.tif
107,60x,/mnt/hdd2/datasets/astra_data_readonly/astra_data_readonly/60x_images,AssayPlate_Greiner_#655090_B04_T0001F010L01A04Z01C04.tif,AssayPlate_Greiner_#655090_B04_T0001F010L01A01Z01C01.tif,AssayPlate_Greiner_#655090_B04_T0001F010L01A02Z01C02.tif,AssayPlate_Greiner_#655090_B04_T0001F010L01A03Z01C03.tif
108,60x,/mnt/hdd2/datasets/astra_data_readonly/astra_data_readonly/60x_images,AssayPlate_Greiner_#655090_B04_T0001F011L01A04Z01C04.tif,AssayPlate_Greiner_#655090_B04_T0001F011L01A01Z01C01.tif,AssayPlate_Greiner_#655090_B04_T0001F011L01A02Z01C02.tif,AssayPlate_Greiner_#655090_B04_T0001F011L01A03Z01C03.tif
109,60x,/mnt/hdd2/datasets/astra_data_readonly/astra_data_readonly/60x_images,AssayPlate_Greiner_#655090_B04_T0001F012L01A04Z01C04.tif,AssayPlate_Greiner_#655090_B04_T0001F012L01A01Z01C01.tif,AssayPlate_Greiner_#655090_B04_T0001F012L01A02Z01C02.tif,AssayPlate_Greiner_#655090_B04_T0001F012L01A03Z01C03.tif
110,60x,/mnt/hdd2/datasets/astra_data_readonly/astra_data_readonly/60x_images,AssayPlate_Greiner_#655090_C02_T0001F001L01A04Z01C04.tif,AssayPlate_Greiner_#655090_C02_T0001F001L01A01Z01C01.tif,AssayPlate_Greiner_#655090_C02_T0001F001L01A02Z01C02.tif,AssayPlate_Greiner_#655090_C02_T0001F001L01A03Z01C03.tif
111,60x,/mnt/hdd2/datasets/astra_data_readonly/astra_data_readonly/60x_images,AssayPlate_Greiner_#655090_C02_T0001F002L01A04Z01C04.tif,AssayPlate_Greiner_#655090_C02_T0001F002L01A01Z01C01.tif,AssayPlate_Greiner_#655090_C02_T0001F002L01A02Z01C02.tif,AssayPlate_Greiner_#655090_C02_T0001F002L01A03Z01C03.tif
112,60x,/mnt/hdd2/datasets/astra_data_readonly/astra_data_readonly/60x_images,AssayPlate_Greiner_#655090_C02_T0001F003L01A04Z01C04.tif,AssayPlate_Greiner_#655090_C02_T0001F003L01A01Z01C01.tif,AssayPlate_Greiner_#655090_C02_T0001F003L01A02Z01C02.tif,AssayPlate_Greiner_#655090_C02_T0001F003L01A03Z01C03.tif
113,60x,/mnt/hdd2/datasets/astra_data_readonly/astra_data_readonly/60x_images,AssayPlate_Greiner_#655090_C02_T0001F004L01A04Z01C04.tif,AssayPlate_Greiner_#655090_C02_T0001F004L01A01Z01C01.tif,AssayPlate_Greiner_#655090_C02_T0001F004L01A02Z01C02.tif,AssayPlate_Greiner_#655090_C02_T0001F004L01A03Z01C03.tif
114,60x,/mnt/hdd2/datasets/astra_data_readonly/astra_data_readonly/60x_images,AssayPlate_Greiner_#655090_C02_T0001F005L01A04Z01C04.tif,AssayPlate_Greiner_#655090_C02_T0001F005L01A01Z01C01.tif,AssayPlate_Greiner_#655090_C02_T0001F005L01A02Z01C02.tif,AssayPlate_Greiner_#655090_C02_T0001F005L01A03Z01C03.tif
115,60x,/mnt/hdd2/datasets/astra_data_readonly/astra_data_readonly/60x_images,AssayPlate_Greiner_#655090_C02_T0001F006L01A04Z01C04.tif,AssayPlate_Greiner_#655090_C02_T0001F006L01A01Z01C01.tif,AssayPlate_Greiner_#655090_C02_T0001F006L01A02Z01C02.tif,AssayPlate_Greiner_#655090_C02_T0001F006L01A03Z01C03.tif
116,60x,/mnt/hdd2/datasets/astra_data_readonly/astra_data_readonly/60x_images,AssayPlate_Greiner_#655090_C02_T0001F007L01A04Z01C04.tif,AssayPlate_Greiner_#655090_C02_T0001F007L01A01Z01C01.tif,AssayPlate_Greiner_#655090_C02_T0001F007L01A02Z01C02.tif,AssayPlate_Greiner_#655090_C02_T0001F007L01A03Z01C03.tif
117,60x,/mnt/hdd2/datasets/astra_data_readonly/astra_data_readonly/60x_images,AssayPlate_Greiner_#655090_C02_T0001F008L01A04Z01C04.tif,AssayPlate_Greiner_#655090_C02_T0001F008L01A01Z01C01.tif,AssayPlate_Greiner_#655090_C02_T0001F008L01A02Z01C02.tif,AssayPlate_Greiner_#655090_C02_T0001F008L01A03Z01C03.tif
118,60x,/mnt/hdd2/datasets/astra_data_readonly/astra_data_readonly/60x_images,AssayPlate_Greiner_#655090_C02_T0001F009L01A04Z01C04.tif,AssayPlate_Greiner_#655090_C02_T0001F009L01A01Z01C01.tif,AssayPlate_Greiner_#655090_C02_T0001F009L01A02Z01C02.tif,AssayPlate_Greiner_#655090_C02_T0001F009L01A03Z01C03.tif
119,60x,/mnt/hdd2/datasets/astra_data_readonly/astra_data_readonly/60x_images,AssayPlate_Greiner_#655090_C02_T0001F010L01A04Z01C04.tif,AssayPlate_Greiner_#655090_C02_T0001F010L01A01Z01C01.tif,AssayPlate_Greiner_#655090_C02_T0001F010L01A02Z01C02.tif,AssayPlate_Greiner_#655090_C02_T0001F010L01A03Z01C03.tif
120,60x,/mnt/hdd2/datasets/astra_data_readonly/astra_data_readonly/60x_images,AssayPlate_Greiner_#655090_C02_T0001F011L01A04Z01C04.tif,AssayPlate_Greiner_#655090_C02_T0001F011L01A01Z01C01.tif,AssayPlate_Greiner_#655090_C02_T0001F011L01A02Z01C02.tif,AssayPlate_Greiner_#655090_C02_T0001F011L01A03Z01C03.tif
121,60x,/mnt/hdd2/datasets/astra_data_readonly/astra_data_readonly/60x_images,AssayPlate_Greiner_#655090_C02_T0001F012L01A04Z01C04.tif,AssayPlate_Greiner_#655090_C02_T0001F012L01A01Z01C01.tif,AssayPlate_Greiner_#655090_C02_T0001F012L01A02Z01C02.tif,AssayPlate_Greiner_#655090_C02_T0001F012L01A03Z01C03.tif
122,60x,/mnt/hdd2/datasets/astra_data_readonly/astra_data_readonly/60x_images,AssayPlate_Greiner_#655090_C03_T0001F001L01A04Z01C04.tif,AssayPlate_Greiner_#655090_C03_T0001F001L01A01Z01C01.tif,AssayPlate_Greiner_#655090_C03_T0001F001L01A02Z01C02.tif,AssayPlate_Greiner_#655090_C03_T0001F001L01A03Z01C03.tif
123,60x,/mnt/hdd2/datasets/astra_data_readonly/astra_data_readonly/60x_images,AssayPlate_Greiner_#655090_C03_T0001F002L01A04Z01C04.tif,AssayPlate_Greiner_#655090_C03_T0001F002L01A01Z01C01.tif,AssayPlate_Greiner_#655090_C03_T0001F002L01A02Z01C02.tif,AssayPlate_Greiner_#655090_C03_T0001F002L01A03Z01C03.tif
124,60x,/mnt/hdd2/datasets/astra_data_readonly/astra_data_readonly/60x_images,AssayPlate_Greiner_#655090_C03_T0001F003L01A04Z01C04.tif,AssayPlate_Greiner_#655090_C03_T0001F003L01A01Z01C01.tif,AssayPlate_Greiner_#655090_C03_T0001F003L01A02Z01C02.tif,AssayPlate_Greiner_#655090_C03_T0001F003L01A03Z01C03.tif
125,60x,/mnt/hdd2/datasets/astra_data_readonly/astra_data_readonly/60x_images,AssayPlate_Greiner_#655090_C03_T0001F004L01A04Z01C04.tif,AssayPlate_Greiner_#655090_C03_T0001F004L01A01Z01C01.tif,AssayPlate_Greiner_#655090_C03_T0001F004L01A02Z01C02.tif,AssayPlate_Greiner_#655090_C03_T0001F004L01A03Z01C03.tif
126,60x,/mnt/hdd2/datasets/astra_data_readonly/astra_data_readonly/60x_images,AssayPlate_Greiner_#655090_C03_T0001F005L01A04Z01C04.tif,AssayPlate_Greiner_#655090_C03_T0001F005L01A01Z01C01.tif,AssayPlate_Greiner_#655090_C03_T0001F005L01A02Z01C02.tif,AssayPlate_Greiner_#655090_C03_T0001F005L01A03Z01C03.tif
127,60x,/mnt/hdd2/datasets/astra_data_readonly/astra_data_readonly/60x_images,AssayPlate_Greiner_#655090_C03_T0001F006L01A04Z01C04.tif,AssayPlate_Greiner_#655090_C03_T0001F006L01A01Z01C01.tif,AssayPlate_Greiner_#655090_C03_T0001F006L01A02Z01C02.tif,AssayPlate_Greiner_#655090_C03_T0001F006L01A03Z01C03.tif
128,60x,/mnt/hdd2/datasets/astra_data_readonly/astra_data_readonly/60x_images,AssayPlate_Greiner_#655090_C03_T0001F007L01A04Z01C04.tif,AssayPlate_Greiner_#655090_C03_T0001F007L01A01Z01C01.tif,AssayPlate_Greiner_#655090_C03_T0001F007L01A02Z01C02.tif,AssayPlate_Greiner_#655090_C03_T0001F007L01A03Z01C03.tif
129,60x,/mnt/hdd2/datasets/astra_data_readonly/astra_data_readonly/60x_images,AssayPlate_Greiner_#655090_C03_T0001F008L01A04Z01C04.tif,AssayPlate_Greiner_#655090_C03_T0001F008L01A01Z01C01.tif,AssayPlate_Greiner_#655090_C03_T0001F008L01A02Z01C02.tif,AssayPlate_Greiner_#655090_C03_T0001F008L01A03Z01C03.tif
130,60x,/mnt/hdd2/datasets/astra_data_readonly/astra_data_readonly/60x_images,AssayPlate_Greiner_#655090_C03_T0001F009L01A04Z01C04.tif,AssayPlate_Greiner_#655090_C03_T0001F009L01A01Z01C01.tif,AssayPlate_Greiner_#655090_C03_T0001F009L01A02Z01C02.tif,AssayPlate_Greiner_#655090_C03_T0001F009L01A03Z01C03.tif
131,60x,/mnt/hdd2/datasets/astra_data_readonly/astra_data_readonly/60x_images,AssayPlate_Greiner_#655090_C03_T0001F010L01A04Z01C04.tif,AssayPlate_Greiner_#655090_C03_T0001F010L01A01Z01C01.tif,AssayPlate_Greiner_#655090_C03_T0001F010L01A02Z01C02.tif,AssayPlate_Greiner_#655090_C03_T0001F010L01A03Z01C03.tif
132,60x,/mnt/hdd2/datasets/astra_data_readonly/astra_data_readonly/60x_images,AssayPlate_Greiner_#655090_C03_T0001F011L01A04Z01C04.tif,AssayPlate_Greiner_#655090_C03_T0001F011L01A01Z01C01.tif,AssayPlate_Greiner_#655090_C03_T0001F011L01A02Z01C02.tif,AssayPlate_Greiner_#655090_C03_T0001F011L01A03Z01C03.tif
133,60x,/mnt/hdd2/datasets/astra_data_readonly/astra_data_readonly/60x_images,AssayPlate_Greiner_#655090_C03_T0001F012L01A04Z01C04.tif,AssayPlate_Greiner_#655090_C03_T0001F012L01A01Z01C01.tif,AssayPlate_Greiner_#655090_C03_T0001F012L01A02Z01C02.tif,AssayPlate_Greiner_#655090_C03_T0001F012L01A03Z01C03.tif
134,60x,/mnt/hdd2/datasets/astra_data_readonly/astra_data_readonly/60x_images,AssayPlate_Greiner_#655090_C04_T0001F001L01A04Z01C04.tif,AssayPlate_Greiner_#655090_C04_T0001F001L01A01Z01C01.tif,AssayPlate_Greiner_#655090_C04_T0001F001L01A02Z01C02.tif,AssayPlate_Greiner_#655090_C04_T0001F001L01A03Z01C03.tif
135,60x,/mnt/hdd2/datasets/astra_data_readonly/astra_data_readonly/60x_images,AssayPlate_Greiner_#655090_C04_T0001F002L01A04Z01C04.tif,AssayPlate_Greiner_#655090_C04_T0001F002L01A01Z01C01.tif,AssayPlate_Greiner_#655090_C04_T0001F002L01A02Z01C02.tif,AssayPlate_Greiner_#655090_C04_T0001F002L01A03Z01C03.tif
136,60x,/mnt/hdd2/datasets/astra_data_readonly/astra_data_readonly/60x_images,AssayPlate_Greiner_#655090_C04_T0001F003L01A04Z01C04.tif,AssayPlate_Greiner_#655090_C04_T0001F003L01A01Z01C01.tif,AssayPlate_Greiner_#655090_C04_T0001F003L01A02Z01C02.tif,AssayPlate_Greiner_#655090_C04_T0001F003L01A03Z01C03.tif
137,60x,/mnt/hdd2/datasets/astra_data_readonly/astra_data_readonly/60x_images,AssayPlate_Greiner_#655090_C04_T0001F004L01A04Z01C04.tif,AssayPlate_Greiner_#655090_C04_T0001F004L01A01Z01C01.tif,AssayPlate_Greiner_#655090_C04_T0001F004L01A02Z01C02.tif,AssayPlate_Greiner_#655090_C04_T0001F004L01A03Z01C03.tif
138,60x,/mnt/hdd2/datasets/astra_data_readonly/astra_data_readonly/60x_images,AssayPlate_Greiner_#655090_C04_T0001F005L01A04Z01C04.tif,AssayPlate_Greiner_#655090_C04_T0001F005L01A01Z01C01.tif,AssayPlate_Greiner_#655090_C04_T0001F005L01A02Z01C02.tif,AssayPlate_Greiner_#655090_C04_T0001F005L01A03Z01C03.tif
139,60x,/mnt/hdd2/datasets/astra_data_readonly/astra_data_readonly/60x_images,AssayPlate_Greiner_#655090_C04_T0001F006L01A04Z01C04.tif,AssayPlate_Greiner_#655090_C04_T0001F006L01A01Z01C01.tif,AssayPlate_Greiner_#655090_C04_T0001F006L01A02Z01C02.tif,AssayPlate_Greiner_#655090_C04_T0001F006L01A03Z01C03.tif
140,60x,/mnt/hdd2/datasets/astra_data_readonly/astra_data_readonly/60x_images,AssayPlate_Greiner_#655090_C04_T0001F007L01A04Z01C04.tif,AssayPlate_Greiner_#655090_C04_T0001F007L01A01Z01C01.tif,AssayPlate_Greiner_#655090_C04_T0001F007L01A02Z01C02.tif,AssayPlate_Greiner_#655090_C04_T0001F007L01A03Z01C03.tif
141,60x,/mnt/hdd2/datasets/astra_data_readonly/astra_data_readonly/60x_images,AssayPlate_Greiner_#655090_C04_T0001F008L01A04Z01C04.tif,AssayPlate_Greiner_#655090_C04_T0001F008L01A01Z01C01.tif,AssayPlate_Greiner_#655090_C04_T0001F008L01A02Z01C02.tif,AssayPlate_Greiner_#655090_C04_T0001F008L01A03Z01C03.tif
142,60x,/mnt/hdd2/datasets/astra_data_readonly/astra_data_readonly/60x_images,AssayPlate_Greiner_#655090_C04_T0001F009L01A04Z01C04.tif,AssayPlate_Greiner_#655090_C04_T0001F009L01A01Z01C01.tif,AssayPlate_Greiner_#655090_C04_T0001F009L01A02Z01C02.tif,AssayPlate_Greiner_#655090_C04_T0001F009L01A03Z01C03.tif
143,60x,/mnt/hdd2/datasets/astra_data_readonly/astra_data_readonly/60x_images,AssayPlate_Greiner_#655090_C04_T0001F010L01A04Z01C04.tif,AssayPlate_Greiner_#655090_C04_T0001F010L01A01Z01C01.tif,AssayPlate_Greiner_#655090_C04_T0001F010L01A02Z01C02.tif,AssayPlate_Greiner_#655090_C04_T0001F010L01A03Z01C03.tif
144,60x,/mnt/hdd2/datasets/astra_data_readonly/astra_data_readonly/60x_images,AssayPlate_Greiner_#655090_C04_T0001F011L01A04Z01C04.tif,AssayPlate_Greiner_#655090_C04_T0001F011L01A01Z01C01.tif,AssayPlate_Greiner_#655090_C04_T0001F011L01A02Z01C02.tif,AssayPlate_Greiner_#655090_C04_T0001F011L01A03Z01C03.tif
145,60x,/mnt/hdd2/datasets/astra_data_readonly/astra_data_readonly/60x_images,AssayPlate_Greiner_#655090_C04_T0001F012L01A04Z01C04.tif,AssayPlate_Greiner_#655090_C04_T0001F012L01A01Z01C01.tif,AssayPlate_Greiner_#655090_C04_T0001F012L01A02Z01C02.tif,AssayPlate_Greiner_#655090_C04_T0001F012L01A03Z01C03.tif
146,60x,/mnt/hdd2/datasets/astra_data_readonly/astra_data_readonly/60x_images,AssayPlate_Greiner_#655090_D02_T0001F001L01A04Z01C04.tif,AssayPlate_Greiner_#655090_D02_T0001F001L01A01Z01C01.tif,AssayPlate_Greiner_#655090_D02_T0001F001L01A02Z01C02.tif,AssayPlate_Greiner_#655090_D02_T0001F001L01A03Z01C03.tif
147,60x,/mnt/hdd2/datasets/astra_data_readonly/astra_data_readonly/60x_images,AssayPlate_Greiner_#655090_D02_T0001F002L01A04Z01C04.tif,AssayPlate_Greiner_#655090_D02_T0001F002L01A01Z01C01.tif,AssayPlate_Greiner_#655090_D02_T0001F002L01A02Z01C02.tif,AssayPlate_Greiner_#655090_D02_T0001F002L01A03Z01C03.tif
148,60x,/mnt/hdd2/datasets/astra_data_readonly/astra_data_readonly/60x_images,AssayPlate_Greiner_#655090_D02_T0001F003L01A04Z01C04.tif,AssayPlate_Greiner_#655090_D02_T0001F003L01A01Z01C01.tif,AssayPlate_Greiner_#655090_D02_T0001F003L01A02Z01C02.tif,AssayPlate_Greiner_#655090_D02_T0001F003L01A03Z01C03.tif
149,60x,/mnt/hdd2/datasets/astra_data_readonly/astra_data_readonly/60x_images,AssayPlate_Greiner_#655090_D02_T0001F004L01A04Z01C04.tif,AssayPlate_Greiner_#655090_D02_T0001F004L01A01Z01C01.tif,AssayPlate_Greiner_#655090_D02_T0001F004L01A02Z01C02.tif,AssayPlate_Greiner_#655090_D02_T0001F004L01A03Z01C03.tif
150,60x,/mnt/hdd2/datasets/astra_data_readonly/astra_data_readonly/60x_images,AssayPlate_Greiner_#655090_D02_T0001F005L01A04Z01C04.tif,AssayPlate_Greiner_#655090_D02_T0001F005L01A01Z01C01.tif,AssayPlate_Greiner_#655090_D02_T0001F005L01A02Z01C02.tif,AssayPlate_Greiner_#655090_D02_T0001F005L01A03Z01C03.tif
151,60x,/mnt/hdd2/datasets/astra_data_readonly/astra_data_readonly/60x_images,AssayPlate_Greiner_#655090_D02_T0001F006L01A04Z01C04.tif,AssayPlate_Greiner_#655090_D02_T0001F006L01A01Z01C01.tif,AssayPlate_Greiner_#655090_D02_T0001F006L01A02Z01C02.tif,AssayPlate_Greiner_#655090_D02_T0001F006L01A03Z01C03.tif
152,60x,/mnt/hdd2/datasets/astra_data_readonly/astra_data_readonly/60x_images,AssayPlate_Greiner_#655090_D02_T0001F007L01A04Z01C04.tif,AssayPlate_Greiner_#655090_D02_T0001F007L01A01Z01C01.tif,AssayPlate_Greiner_#655090_D02_T0001F007L01A02Z01C02.tif,AssayPlate_Greiner_#655090_D02_T0001F007L01A03Z01C03.tif
153,60x,/mnt/hdd2/datasets/astra_data_readonly/astra_data_readonly/60x_images,AssayPlate_Greiner_#655090_D02_T0001F008L01A04Z01C04.tif,AssayPlate_Greiner_#655090_D02_T0001F008L01A01Z01C01.tif,AssayPlate_Greiner_#655090_D02_T0001F008L01A02Z01C02.tif,AssayPlate_Greiner_#655090_D02_T0001F008L01A03Z01C03.tif
154,60x,/mnt/hdd2/datasets/astra_data_readonly/astra_data_readonly/60x_images,AssayPlate_Greiner_#655090_D02_T0001F009L01A04Z01C04.tif,AssayPlate_Greiner_#655090_D02_T0001F009L01A01Z01C01.tif,AssayPlate_Greiner_#655090_D02_T0001F009L01A02Z01C02.tif,AssayPlate_Greiner_#655090_D02_T0001F009L01A03Z01C03.tif
155,60x,/mnt/hdd2/datasets/astra_data_readonly/astra_data_readonly/60x_images,AssayPlate_Greiner_#655090_D02_T0001F010L01A04Z01C04.tif,AssayPlate_Greiner_#655090_D02_T0001F010L01A01Z01C01.tif,AssayPlate_Greiner_#655090_D02_T0001F010L01A02Z01C02.tif,AssayPlate_Greiner_#655090_D02_T0001F010L01A03Z01C03.tif
156,60x,/mnt/hdd2/datasets/astra_data_readonly/astra_data_readonly/60x_images,AssayPlate_Greiner_#655090_D02_T0001F011L01A04Z01C04.tif,AssayPlate_Greiner_#655090_D02_T0001F011L01A01Z01C01.tif,AssayPlate_Greiner_#655090_D02_T0001F011L01A02Z01C02.tif,AssayPlate_Greiner_#655090_D02_T0001F011L01A03Z01C03.tif
157,60x,/mnt/hdd2/datasets/astra_data_readonly/astra_data_readonly/60x_images,AssayPlate_Greiner_#655090_D02_T0001F012L01A04Z01C04.tif,AssayPlate_Greiner_#655090_D02_T0001F012L01A01Z01C01.tif,AssayPlate_Greiner_#655090_D02_T0001F012L01A02Z01C02.tif,AssayPlate_Greiner_#655090_D02_T0001F012L01A03Z01C03.tif
158,60x,/mnt/hdd2/datasets/astra_data_readonly/astra_data_readonly/60x_images,AssayPlate_Greiner_#655090_D03_T0001F001L01A04Z01C04.tif,AssayPlate_Greiner_#655090_D03_T0001F001L01A01Z01C01.tif,AssayPlate_Greiner_#655090_D03_T0001F001L01A02Z01C02.tif,AssayPlate_Greiner_#655090_D03_T0001F001L01A03Z01C03.tif
159,60x,/mnt/hdd2/datasets/astra_data_readonly/astra_data_readonly/60x_images,AssayPlate_Greiner_#655090_D03_T0001F002L01A04Z01C04.tif,AssayPlate_Greiner_#655090_D03_T0001F002L01A01Z01C01.tif,AssayPlate_Greiner_#655090_D03_T0001F002L01A02Z01C02.tif,AssayPlate_Greiner_#655090_D03_T0001F002L01A03Z01C03.tif
160,60x,/mnt/hdd2/datasets/astra_data_readonly/astra_data_readonly/60x_images,AssayPlate_Greiner_#655090_D03_T0001F003L01A04Z01C04.tif,AssayPlate_Greiner_#655090_D03_T0001F003L01A01Z01C01.tif,AssayPlate_Greiner_#655090_D03_T0001F003L01A02Z01C02.tif,AssayPlate_Greiner_#655090_D03_T0001F003L01A03Z01C03.tif
161,60x,/mnt/hdd2/datasets/astra_data_readonly/astra_data_readonly/60x_images,AssayPlate_Greiner_#655090_D03_T0001F004L01A04Z01C04.tif,AssayPlate_Greiner_#655090_D03_T0001F004L01A01Z01C01.tif,AssayPlate_Greiner_#655090_D03_T0001F004L01A02Z01C02.tif,AssayPlate_Greiner_#655090_D03_T0001F004L01A03Z01C03.tif
162,60x,/mnt/hdd2/datasets/astra_data_readonly/astra_data_readonly/60x_images,AssayPlate_Greiner_#655090_D03_T0001F005L01A04Z01C04.tif,AssayPlate_Greiner_#655090_D03_T0001F005L01A01Z01C01.tif,AssayPlate_Greiner_#655090_D03_T0001F005L01A02Z01C02.tif,AssayPlate_Greiner_#655090_D03_T0001F005L01A03Z01C03.tif
163,60x,/mnt/hdd2/datasets/astra_data_readonly/astra_data_readonly/60x_images,AssayPlate_Greiner_#655090_D03_T0001F006L01A04Z01C04.tif,AssayPlate_Greiner_#655090_D03_T0001F006L01A01Z01C01.tif,AssayPlate_Greiner_#655090_D03_T0001F006L01A02Z01C02.tif,AssayPlate_Greiner_#655090_D03_T0001F006L01A03Z01C03.tif
164,60x,/mnt/hdd2/datasets/astra_data_readonly/astra_data_readonly/60x_images,AssayPlate_Greiner_#655090_D03_T0001F007L01A04Z01C04.tif,AssayPlate_Greiner_#655090_D03_T0001F007L01A01Z01C01.tif,AssayPlate_Greiner_#655090_D03_T0001F007L01A02Z01C02.tif,AssayPlate_Greiner_#655090_D03_T0001F007L01A03Z01C03.tif
165,60x,/mnt/hdd2/datasets/astra_data_readonly/astra_data_readonly/60x_images,AssayPlate_Greiner_#655090_D03_T0001F008L01A04Z01C04.tif,AssayPlate_Greiner_#655090_D03_T0001F008L01A01Z01C01.tif,AssayPlate_Greiner_#655090_D03_T0001F008L01A02Z01C02.tif,AssayPlate_Greiner_#655090_D03_T0001F008L01A03Z01C03.tif
166,60x,/mnt/hdd2/datasets/astra_data_readonly/astra_data_readonly/60x_images,AssayPlate_Greiner_#655090_D03_T0001F009L01A04Z01C04.tif,AssayPlate_Greiner_#655090_D03_T0001F009L01A01Z01C01.tif,AssayPlate_Greiner_#655090_D03_T0001F009L01A02Z01C02.tif,AssayPlate_Greiner_#655090_D03_T0001F009L01A03Z01C03.tif
167,60x,/mnt/hdd2/datasets/astra_data_readonly/astra_data_readonly/60x_images,AssayPlate_Greiner_#655090_D03_T0001F010L01A04Z01C04.tif,AssayPlate_Greiner_#655090_D03_T0001F010L01A01Z01C01.tif,AssayPlate_Greiner_#655090_D03_T0001F010L01A02Z01C02.tif,AssayPlate_Greiner_#655090_D03_T0001F010L01A03Z01C03.tif
168,60x,/mnt/hdd2/datasets/astra_data_readonly/astra_data_readonly/60x_images,AssayPlate_Greiner_#655090_D03_T0001F011L01A04Z01C04.tif,AssayPlate_Greiner_#655090_D03_T0001F011L01A01Z01C01.tif,AssayPlate_Greiner_#655090_D03_T0001F011L01A02Z01C02.tif,AssayPlate_Greiner_#655090_D03_T0001F011L01A03Z01C03.tif
169,60x,/mnt/hdd2/datasets/astra_data_readonly/astra_data_readonly/60x_images,AssayPlate_Greiner_#655090_D03_T0001F012L01A04Z01C04.tif,AssayPlate_Greiner_#655090_D03_T0001F012L01A01Z01C01.tif,AssayPlate_Greiner_#655090_D03_T0001F012L01A02Z01C02.tif,AssayPlate_Greiner_#655090_D03_T0001F012L01A03Z01C03.tif
170,60x,/mnt/hdd2/datasets/astra_data_readonly/astra_data_readonly/60x_images,AssayPlate_Greiner_#655090_D04_T0001F001L01A04Z01C04.tif,AssayPlate_Greiner_#655090_D04_T0001F001L01A01Z01C01.tif,AssayPlate_Greiner_#655090_D04_T0001F001L01A02Z01C02.tif,AssayPlate_Greiner_#655090_D04_T0001F001L01A03Z01C03.tif
171,60x,/mnt/hdd2/datasets/astra_data_readonly/astra_data_readonly/60x_images,AssayPlate_Greiner_#655090_D04_T0001F002L01A04Z01C04.tif,AssayPlate_Greiner_#655090_D04_T0001F002L01A01Z01C01.tif,AssayPlate_Greiner_#655090_D04_T0001F002L01A02Z01C02.tif,AssayPlate_Greiner_#655090_D04_T0001F002L01A03Z01C03.tif
172,60x,/mnt/hdd2/datasets/astra_data_readonly/astra_data_readonly/60x_images,AssayPlate_Greiner_#655090_D04_T0001F003L01A04Z01C04.tif,AssayPlate_Greiner_#655090_D04_T0001F003L01A01Z01C01.tif,AssayPlate_Greiner_#655090_D04_T0001F003L01A02Z01C02.tif,AssayPlate_Greiner_#655090_D04_T0001F003L01A03Z01C03.tif
173,60x,/mnt/hdd2/datasets/astra_data_readonly/astra_data_readonly/60x_images,AssayPlate_Greiner_#655090_D04_T0001F004L01A04Z01C04.tif,AssayPlate_Greiner_#655090_D04_T0001F004L01A01Z01C01.tif,AssayPlate_Greiner_#655090_D04_T0001F004L01A02Z01C02.tif,AssayPlate_Greiner_#655090_D04_T0001F004L01A03Z01C03.tif
174,60x,/mnt/hdd2/datasets/astra_data_readonly/astra_data_readonly/60x_images,AssayPlate_Greiner_#655090_D04_T0001F005L01A04Z01C04.tif,AssayPlate_Greiner_#655090_D04_T0001F005L01A01Z01C01.tif,AssayPlate_Greiner_#655090_D04_T0001F005L01A02Z01C02.tif,AssayPlate_Greiner_#655090_D04_T0001F005L01A03Z01C03.tif
175,60x,/mnt/hdd2/datasets/astra_data_readonly/astra_data_readonly/60x_images,AssayPlate_Greiner_#655090_D04_T0001F006L01A04Z01C04.tif,AssayPlate_Greiner_#655090_D04_T0001F006L01A01Z01C01.tif,AssayPlate_Greiner_#655090_D04_T0001F006L01A02Z01C02.tif,AssayPlate_Greiner_#655090_D04_T0001F006L01A03Z01C03.tif
176,60x,/mnt/hdd2/datasets/astra_data_readonly/astra_data_readonly/60x_images,AssayPlate_Greiner_#655090_D04_T0001F007L01A04Z01C04.tif,AssayPlate_Greiner_#655090_D04_T0001F007L01A01Z01C01.tif,AssayPlate_Greiner_#655090_D04_T0001F007L01A02Z01C02.tif,AssayPlate_Greiner_#655090_D04_T0001F007L01A03Z01C03.tif
177,60x,/mnt/hdd2/datasets/astra_data_readonly/astra_data_readonly/60x_images,AssayPlate_Greiner_#655090_D04_T0001F008L01A04Z01C04.tif,AssayPlate_Greiner_#655090_D04_T0001F008L01A01Z01C01.tif,AssayPlate_Greiner_#655090_D04_T0001F008L01A02Z01C02.tif,AssayPlate_Greiner_#655090_D04_T0001F008L01A03Z01C03.tif
178,60x,/mnt/hdd2/datasets/astra_data_readonly/astra_data_readonly/60x_images,AssayPlate_Greiner_#655090_D04_T0001F009L01A04Z01C04.tif,AssayPlate_Greiner_#655090_D04_T0001F009L01A01Z01C01.tif,AssayPlate_Greiner_#655090_D04_T0001F009L01A02Z01C02.tif,AssayPlate_Greiner_#655090_D04_T0001F009L01A03Z01C03.tif
179,60x,/mnt/hdd2/datasets/astra_data_readonly/astra_data_readonly/60x_images,AssayPlate_Greiner_#655090_D04_T0001F010L01A04Z01C04.tif,AssayPlate_Greiner_#655090_D04_T0001F010L01A01Z01C01.tif,AssayPlate_Greiner_#655090_D04_T0001F010L01A02Z01C02.tif,AssayPlate_Greiner_#655090_D04_T0001F010L01A03Z01C03.tif
180,60x,/mnt/hdd2/datasets/astra_data_readonly/astra_data_readonly/60x_images,AssayPlate_Greiner_#655090_D04_T0001F011L01A04Z01C04.tif,AssayPlate_Greiner_#655090_D04_T0001F011L01A01Z01C01.tif,AssayPlate_Greiner_#655090_D04_T0001F011L01A02Z01C02.tif,AssayPlate_Greiner_#655090_D04_T0001F011L01A03Z01C03.tif
181,60x,/mnt/hdd2/datasets/astra_data_readonly/astra_data_readonly/60x_images,AssayPlate_Greiner_#655090_D04_T0001F012L01A04Z01C04.tif,AssayPlate_Greiner_#655090_D04_T0001F012L01A01Z01C01.tif,AssayPlate_Greiner_#655090_D04_T0001F012L01A02Z01C02.tif,AssayPlate_Greiner_#655090_D04_T0001F012L01A03Z01C03.tif
182,20x,/mnt/hdd2/datasets/astra_data_readonly/astra_data_readonly/20x_images,AssayPlate_Greiner_#655090_B03_T0001F001L01A04Z01C04.tif,AssayPlate_Greiner_#655090_B03_T0001F001L01A01Z01C01.tif,AssayPlate_Greiner_#655090_B03_T0001F001L01A02Z01C02.tif,AssayPlate_Greiner_#655090_B03_T0001F001L01A03Z01C03.tif
183,20x,/mnt/hdd2/datasets/astra_data_readonly/astra_data_readonly/20x_images,AssayPlate_Greiner_#655090_B03_T0001F002L01A04Z01C04.tif,AssayPlate_Greiner_#655090_B03_T0001F002L01A01Z01C01.tif,AssayPlate_Greiner_#655090_B03_T0001F002L01A02Z01C02.tif,AssayPlate_Greiner_#655090_B03_T0001F002L01A03Z01C03.tif
184,20x,/mnt/hdd2/datasets/astra_data_readonly/astra_data_readonly/20x_images,AssayPlate_Greiner_#655090_B03_T0001F003L01A04Z01C04.tif,AssayPlate_Greiner_#655090_B03_T0001F003L01A01Z01C01.tif,AssayPlate_Greiner_#655090_B03_T0001F003L01A02Z01C02.tif,AssayPlate_Greiner_#655090_B03_T0001F003L01A03Z01C03.tif
185,20x,/mnt/hdd2/datasets/astra_data_readonly/astra_data_readonly/20x_images,AssayPlate_Greiner_#655090_B03_T0001F004L01A04Z01C04.tif,AssayPlate_Greiner_#655090_B03_T0001F004L01A01Z01C01.tif,AssayPlate_Greiner_#655090_B03_T0001F004L01A02Z01C02.tif,AssayPlate_Greiner_#655090_B03_T0001F004L01A03Z01C03.tif
186,20x,/mnt/hdd2/datasets/astra_data_readonly/astra_data_readonly/20x_images,AssayPlate_Greiner_#655090_B03_T0001F005L01A04Z01C04.tif,AssayPlate_Greiner_#655090_B03_T0001F005L01A01Z01C01.tif,AssayPlate_Greiner_#655090_B03_T0001F005L01A02Z01C02.tif,AssayPlate_Greiner_#655090_B03_T0001F005L01A03Z01C03.tif
187,20x,/mnt/hdd2/datasets/astra_data_readonly/astra_data_readonly/20x_images,AssayPlate_Greiner_#655090_B03_T0001F006L01A04Z01C04.tif,AssayPlate_Greiner_#655090_B03_T0001F006L01A01Z01C01.tif,AssayPlate_Greiner_#655090_B03_T0001F006L01A02Z01C02.tif,AssayPlate_Greiner_#655090_B03_T0001F006L01A03Z01C03.tif
188,40x,/mnt/hdd2/datasets/astra_data_readonly/astra_data_readonly/40x_images,AssayPlate_Greiner_#655090_B03_T0001F001L01A04Z01C04.tif,AssayPlate_Greiner_#655090_B03_T0001F001L01A01Z01C01.tif,AssayPlate_Greiner_#655090_B03_T0001F001L01A02Z01C02.tif,AssayPlate_Greiner_#655090_B03_T0001F001L01A03Z01C03.tif
189,40x,/mnt/hdd2/datasets/astra_data_readonly/astra_data_readonly/40x_images,AssayPlate_Greiner_#655090_B03_T0001F002L01A04Z01C04.tif,AssayPlate_Greiner_#655090_B03_T0001F002L01A01Z01C01.tif,AssayPlate_Greiner_#655090_B03_T0001F002L01A02Z01C02.tif,AssayPlate_Greiner_#655090_B03_T0001F002L01A03Z01C03.tif
190,40x,/mnt/hdd2/datasets/astra_data_readonly/astra_data_readonly/40x_images,AssayPlate_Greiner_#655090_B03_T0001F003L01A04Z01C04.tif,AssayPlate_Greiner_#655090_B03_T0001F003L01A01Z01C01.tif,AssayPlate_Greiner_#655090_B03_T0001F003L01A02Z01C02.tif,AssayPlate_Greiner_#655090_B03_T0001F003L01A03Z01C03.tif
191,40x,/mnt/hdd2/datasets/astra_data_readonly/astra_data_readonly/40x_images,AssayPlate_Greiner_#655090_B03_T0001F004L01A04Z01C04.tif,AssayPlate_Greiner_#655090_B03_T0001F004L01A01Z01C01.tif,AssayPlate_Greiner_#655090_B03_T0001F004L01A02Z01C02.tif,AssayPlate_Greiner_#655090_B03_T0001F004L01A03Z01C03.tif
192,40x,/mnt/hdd2/datasets/astra_data_readonly/astra_data_readonly/40x_images,AssayPlate_Greiner_#655090_B03_T0001F005L01A04Z01C04.tif,AssayPlate_Greiner_#655090_B03_T0001F005L01A01Z01C01.tif,AssayPlate_Greiner_#655090_B03_T0001F005L01A02Z01C02.tif,AssayPlate_Greiner_#655090_B03_T0001F005L01A03Z01C03.tif
193,40x,/mnt/hdd2/datasets/astra_data_readonly/astra_data_readonly/40x_images,AssayPlate_Greiner_#655090_B03_T0001F006L01A04Z01C04.tif,AssayPlate_Greiner_#655090_B03_T0001F006L01A01Z01C01.tif,AssayPlate_Greiner_#655090_B03_T0001F006L01A02Z01C02.tif,AssayPlate_Greiner_#655090_B03_T0001F006L01A03Z01C03.tif
194,40x,/mnt/hdd2/datasets/astra_data_readonly/astra_data_readonly/40x_images,AssayPlate_Greiner_#655090_B03_T0001F007L01A04Z01C04.tif,AssayPlate_Greiner_#655090_B03_T0001F007L01A01Z01C01.tif,AssayPlate_Greiner_#655090_B03_T0001F007L01A02Z01C02.tif,AssayPlate_Greiner_#655090_B03_T0001F007L01A03Z01C03.tif
195,40x,/mnt/hdd2/datasets/astra_data_readonly/astra_data_readonly/40x_images,AssayPlate_Greiner_#655090_B03_T0001F008L01A04Z01C04.tif,AssayPlate_Greiner_#655090_B03_T0001F008L01A01Z01C01.tif,AssayPlate_Greiner_#655090_B03_T0001F008L01A02Z01C02.tif,AssayPlate_Greiner_#655090_B03_T0001F008L01A03Z01C03.tif
196,60x,/mnt/hdd2/datasets/astra_data_readonly/astra_data_readonly/60x_images,AssayPlate_Greiner_#655090_B03_T0001F001L01A04Z01C04.tif,AssayPlate_Greiner_#655090_B03_T0001F001L01A01Z01C01.tif,AssayPlate_Greiner_#655090_B03_T0001F001L01A02Z01C02.tif,AssayPlate_Greiner_#655090_B03_T0001F001L01A03Z01C03.tif
197,60x,/mnt/hdd2/datasets/astra_data_readonly/astra_data_readonly/60x_images,AssayPlate_Greiner_#655090_B03_T0001F002L01A04Z01C04.tif,AssayPlate_Greiner_#655090_B03_T0001F002L01A01Z01C01.tif,AssayPlate_Greiner_#655090_B03_T0001F002L01A02Z01C02.tif,AssayPlate_Greiner_#655090_B03_T0001F002L01A03Z01C03.tif
198,60x,/mnt/hdd2/datasets/astra_data_readonly/astra_data_readonly/60x_images,AssayPlate_Greiner_#655090_B03_T0001F003L01A04Z01C04.tif,AssayPlate_Greiner_#655090_B03_T0001F003L01A01Z01C01.tif,AssayPlate_Greiner_#655090_B03_T0001F003L01A02Z01C02.tif,AssayPlate_Greiner_#655090_B03_T0001F003L01A03Z01C03.tif
199,60x,/mnt/hdd2/datasets/astra_data_readonly/astra_data_readonly/60x_images,AssayPlate_Greiner_#655090_B03_T0001F004L01A04Z01C04.tif,AssayPlate_Greiner_#655090_B03_T0001F004L01A01Z01C01.tif,AssayPlate_Greiner_#655090_B03_T0001F004L01A02Z01C02.tif,AssayPlate_Greiner_#655090_B03_T0001F004L01A03Z01C03.tif
200,60x,/mnt/hdd2/datasets/astra_data_readonly/astra_data_readonly/60x_images,AssayPlate_Greiner_#655090_B03_T0001F005L01A04Z01C04.tif,AssayPlate_Greiner_#655090_B03_T0001F005L01A01Z01C01.tif,AssayPlate_Greiner_#655090_B03_T0001F005L01A02Z01C02.tif,AssayPlate_Greiner_#655090_B03_T0001F005L01A03Z01C03.tif
201,60x,/mnt/hdd2/datasets/astra_data_readonly/astra_data_readonly/60x_images,AssayPlate_Greiner_#655090_B03_T0001F006L01A04Z01C04.tif,AssayPlate_Greiner_#655090_B03_T0001F006L01A01Z01C01.tif,AssayPlate_Greiner_#655090_B03_T0001F006L01A02Z01C02.tif,AssayPlate_Greiner_#655090_B03_T0001F006L01A03Z01C03.tif
202,60x,/mnt/hdd2/datasets/astra_data_readonly/astra_data_readonly/60x_images,AssayPlate_Greiner_#655090_B03_T0001F007L01A04Z01C04.tif,AssayPlate_Greiner_#655090_B03_T0001F007L01A01Z01C01.tif,AssayPlate_Greiner_#655090_B03_T0001F007L01A02Z01C02.tif,AssayPlate_Greiner_#655090_B03_T0001F007L01A03Z01C03.tif
203,60x,/mnt/hdd2/datasets/astra_data_readonly/astra_data_readonly/60x_images,AssayPlate_Greiner_#655090_B03_T0001F008L01A04Z01C04.tif,AssayPlate_Greiner_#655090_B03_T0001F008L01A01Z01C01.tif,AssayPlate_Greiner_#655090_B03_T0001F008L01A02Z01C02.tif,AssayPlate_Greiner_#655090_B03_T0001F008L01A03Z01C03.tif
204,60x,/mnt/hdd2/datasets/astra_data_readonly/astra_data_readonly/60x_images,AssayPlate_Greiner_#655090_B03_T0001F009L01A04Z01C04.tif,AssayPlate_Greiner_#655090_B03_T0001F009L01A01Z01C01.tif,AssayPlate_Greiner_#655090_B03_T0001F009L01A02Z01C02.tif,AssayPlate_Greiner_#655090_B03_T0001F009L01A03Z01C03.tif
205,60x,/mnt/hdd2/datasets/astra_data_readonly/astra_data_readonly/60x_images,AssayPlate_Greiner_#655090_B03_T0001F010L01A04Z01C04.tif,AssayPlate_Greiner_#655090_B03_T0001F010L01A01Z01C01.tif,AssayPlate_Greiner_#655090_B03_T0001F010L01A02Z01C02.tif,AssayPlate_Greiner_#655090_B03_T0001F010L01A03Z01C03.tif
206,60x,/mnt/hdd2/datasets/astra_data_readonly/astra_data_readonly/60x_images,AssayPlate_Greiner_#655090_B03_T0001F011L01A04Z01C04.tif,AssayPlate_Greiner_#655090_B03_T0001F011L01A01Z01C01.tif,AssayPlate_Greiner_#655090_B03_T0001F011L01A02Z01C02.tif,AssayPlate_Greiner_#655090_B03_T0001F011L01A03Z01C03.tif
207,60x,/mnt/hdd2/datasets/astra_data_readonly/astra_data_readonly/60x_images,AssayPlate_Greiner_#655090_B03_T0001F012L01A04Z01C04.tif,AssayPlate_Greiner_#655090_B03_T0001F012L01A01Z01C01.tif,AssayPlate_Greiner_#655090_B03_T0001F012L01A02Z01C02.tif,AssayPlate_Greiner_#655090_B03_T0001F012L01A03Z01C03.tif
